<?xml version="1.0" encoding="UTF-8"?>
<CustomField xmlns="http://soap.sforce.com/2006/04/metadata">
    <fullName>Supervisor__c</fullName>
    <externalId>false</externalId>
    <label>Supervisor</label>
    <referenceTo>Contact</referenceTo>
    <relationshipLabel>Bears</relationshipLabel>
    <relationshipName>Bears</relationshipName>
    <relationshipOrder>0</relationshipOrder>
    <reparentableMasterDetail>true</reparentableMasterDetail>
    <trackFeedHistory>false</trackFeedHistory>
    <trackTrending>false</trackTrending>
    <type>MasterDetail</type>
    <writeRequiresMasterRead>false</writeRequiresMasterRead>
</CustomField>
